<?xml version='1.0' encoding='UTF-8'?>
<project>
  <actions/>
  <description>&lt;p&gt;Run just SOAP web service tests</description>
  <project-properties class="java.util.concurrent.ConcurrentHashMap">
    <entry>
      <string>blockBuildWhenDownstreamBuilding</string>
      <boolean-property>
        <originalValue class="boolean">false</originalValue>
        <propertyOverridden>false</propertyOverridden>
      </boolean-property>
    </entry>
    <entry>
      <string>de-jamba-hudson-plugin-wsclean-PrePostClean</string>
      <external-property>
        <propertyOverridden>false</propertyOverridden>
        <modified>false</modified>
      </external-property>
    </entry>
    <entry>
      <string>hudson-plugins-disk_usage-DiskUsageProperty</string>
      <base-property>
        <originalValue class="hudson.plugins.disk_usage.DiskUsageProperty"/>
        <propertyOverridden>false</propertyOverridden>
      </base-property>
    </entry>
    <entry>
      <string>org-hudsonci-plugins-snapshotmonitor-SnapshotTrigger</string>
      <trigger-property>
        <propertyOverridden>false</propertyOverridden>
      </trigger-property>
    </entry>
    <entry>
      <string>hudson-plugins-descriptionsetter-JobByDescription</string>
      <base-property>
        <originalValue class="hudson.plugins.descriptionsetter.JobByDescription"/>
        <propertyOverridden>false</propertyOverridden>
      </base-property>
    </entry>
    <entry>
      <string>logRotator</string>
      <log-rotator-property>
        <originalValue class="hudson.tasks.LogRotator">
          <daysToKeep>21</daysToKeep>
          <numToKeep>-1</numToKeep>
          <artifactDaysToKeep>-1</artifactDaysToKeep>
          <artifactNumToKeep>-1</artifactNumToKeep>
        </originalValue>
        <propertyOverridden>false</propertyOverridden>
      </log-rotator-property>
    </entry>
    <entry>
      <string>hudson-plugins-logparser-LogParserPublisher</string>
      <external-property>
        <propertyOverridden>false</propertyOverridden>
        <modified>false</modified>
      </external-property>
    </entry>
    <entry>
      <string>org-hudsonci-plugins-snapshotmonitor-WatchedDependenciesProperty</string>
      <base-property>
        <propertyOverridden>false</propertyOverridden>
      </base-property>
    </entry>
    <entry>
      <string>hudson-queueSorter-PrioritySorterJobProperty</string>
      <base-property>
        <originalValue class="hudson.queueSorter.PrioritySorterJobProperty">
          <priority>100</priority>
        </originalValue>
        <propertyOverridden>false</propertyOverridden>
      </base-property>
    </entry>
    <entry>
      <string>hudson-plugins-violations-ViolationsPublisher</string>
      <external-property>
        <propertyOverridden>false</propertyOverridden>
        <modified>false</modified>
      </external-property>
    </entry>
    <entry>
      <string>hudson-plugins-descriptionsetter-DescriptionSetterPublisher</string>
      <external-property>
        <originalValue class="hudson.plugins.descriptionsetter.DescriptionSetterPublisher">
          <regexp>^JobDescription: (.*)</regexp>
          <regexpForFailed></regexpForFailed>
          <setForMatrix>false</setForMatrix>
        </originalValue>
        <propertyOverridden>false</propertyOverridden>
        <modified>false</modified>
      </external-property>
    </entry>
    <entry>
      <string>org-jvnet-hudson-plugins-port_allocator-PortAllocator</string>
      <external-property>
        <propertyOverridden>false</propertyOverridden>
        <modified>false</modified>
      </external-property>
    </entry>
    <entry>
      <string>scmCheckoutRetryCount</string>
      <integer-property>
        <propertyOverridden>false</propertyOverridden>
      </integer-property>
    </entry>
    <entry>
      <string>hudson-plugins-emma-EmmaPublisher</string>
      <external-property>
        <propertyOverridden>false</propertyOverridden>
        <modified>true</modified>
      </external-property>
    </entry>
    <entry>
      <string>blockBuildWhenUpstreamBuilding</string>
      <boolean-property>
        <originalValue class="boolean">false</originalValue>
        <propertyOverridden>false</propertyOverridden>
      </boolean-property>
    </entry>
    <entry>
      <string>hudson-plugins-git-GitPublisher</string>
      <external-property>
        <propertyOverridden>false</propertyOverridden>
        <modified>false</modified>
      </external-property>
    </entry>
    <entry>
      <string>org-hudsonci-maven-plugin-dependencymonitor-DependencyNotifier</string>
      <external-property>
        <propertyOverridden>false</propertyOverridden>
        <modified>false</modified>
      </external-property>
    </entry>
    <entry>
      <string>hudson-plugins-xvnc-Xvnc</string>
      <external-property>
        <originalValue class="hudson.plugins.xvnc.Xvnc">
          <takeScreenshot>false</takeScreenshot>
        </originalValue>
        <propertyOverridden>false</propertyOverridden>
        <modified>false</modified>
      </external-property>
    </entry>
    <entry>
      <string>org-hudsonci-maven-plugin-artifactrecorder-ArtifactArchiver</string>
      <external-property>
        <propertyOverridden>false</propertyOverridden>
        <modified>false</modified>
      </external-property>
    </entry>
    <entry>
      <string>hudson-plugins-jabber-im-transport-JabberPublisher</string>
      <external-property>
        <propertyOverridden>false</propertyOverridden>
        <modified>false</modified>
      </external-property>
    </entry>
    <entry>
      <string>hudson-plugins-setenv-SetEnvBuildWrapper</string>
      <external-property>
        <originalValue class="hudson.plugins.setenv.SetEnvBuildWrapper">
          <localVarText>LABEL_SERIES=JDEVADF_MAIN_GENERIC
DEBUG_WS_TOOLS=true
ABBOT_TESTS=D-*
TEST_SETUP_SCRIPT=adetools/hudson/WebservicesSetup.sh
TEST_TARGET=test ANT_HEAPSPACE=1000M</localVarText>
        </originalValue>
        <propertyOverridden>false</propertyOverridden>
        <modified>false</modified>
      </external-property>
    </entry>
    <entry>
      <string>hudson-tasks-Mailer</string>
      <external-property>
        <propertyOverridden>false</propertyOverridden>
        <modified>false</modified>
      </external-property>
    </entry>
    <entry>
      <string>cleanWorkspaceRequired</string>
      <boolean-property>
        <originalValue class="boolean">false</originalValue>
        <propertyOverridden>false</propertyOverridden>
      </boolean-property>
    </entry>
    <entry>
      <string>hudson-tasks-test-AggregatedTestResultPublisher</string>
      <external-property>
        <propertyOverridden>false</propertyOverridden>
        <modified>false</modified>
      </external-property>
    </entry>
    <entry>
      <string>org-jvnet-hudson-tools-versionnumber-VersionNumberBuilder</string>
      <external-property>
        <propertyOverridden>false</propertyOverridden>
        <modified>false</modified>
      </external-property>
    </entry>
    <entry>
      <string>hudson-tasks-junit-JUnitResultArchiver</string>
      <external-property>
        <originalValue class="hudson.tasks.junit.JUnitResultArchiver">
          <testResults>junit/*.xml</testResults>
          <keepLongStdio>false</keepLongStdio>
          <testDataPublishers>
            <hudson.plugins.junitattachments.AttachmentPublisher/>
          </testDataPublishers>
        </originalValue>
        <propertyOverridden>false</propertyOverridden>
        <modified>false</modified>
      </external-property>
    </entry>
    <entry>
      <string>hudson-tasks-Fingerprinter</string>
      <external-property>
        <originalValue class="hudson.tasks.Fingerprinter">
          <targets>*FINGERPRINT*</targets>
          <recordBuildArtifacts>false</recordBuildArtifacts>
        </originalValue>
        <propertyOverridden>false</propertyOverridden>
        <modified>false</modified>
      </external-property>
    </entry>
    <entry>
      <string>be-certipost-hudson-plugin-SCPRepositoryPublisher</string>
      <external-property>
        <propertyOverridden>false</propertyOverridden>
        <modified>false</modified>
      </external-property>
    </entry>
    <entry>
      <string>parametersDefinitionProperties</string>
      <copy-write-list-property>
        <originalValue class="hudson.util.CopyOnWriteList">
          <hudson.model.ParametersDefinitionProperty>
            <parameterDefinitions>
              <hudson.model.StringParameterDefinition>
                <name>LABEL</name>
                <description>The label to use to run this test series.</description>
                <defaultValue></defaultValue>
              </hudson.model.StringParameterDefinition>
            </parameterDefinitions>
          </hudson.model.ParametersDefinitionProperty>
        </originalValue>
        <propertyOverridden>false</propertyOverridden>
      </copy-write-list-property>
    </entry>
    <entry>
      <string>hudson-tasks-JavadocArchiver</string>
      <external-property>
        <propertyOverridden>false</propertyOverridden>
        <modified>false</modified>
      </external-property>
    </entry>
    <entry>
      <string>hudson-plugins-build_timeout-BuildTimeoutWrapper</string>
      <external-property>
        <originalValue class="hudson.plugins.build_timeout.BuildTimeoutWrapper">
          <timeoutMinutes>240</timeoutMinutes>
          <failBuild>false</failBuild>
        </originalValue>
        <propertyOverridden>false</propertyOverridden>
        <modified>true</modified>
      </external-property>
    </entry>
    <entry>
      <string>hudson-plugins-warnings-WarningsPublisher</string>
      <external-property>
        <propertyOverridden>false</propertyOverridden>
        <modified>false</modified>
      </external-property>
    </entry>
    <entry>
      <string>hudson-plugins-jacoco-JacocoPublisher</string>
      <external-property>
        <propertyOverridden>false</propertyOverridden>
        <modified>false</modified>
      </external-property>
    </entry>
    <entry>
      <string>hudson-plugins-emailext-ExtendedEmailPublisher</string>
      <external-property>
        <propertyOverridden>false</propertyOverridden>
        <modified>false</modified>
      </external-property>
    </entry>
    <entry>
      <string>customWorkspace</string>
      <string-property>
        <propertyOverridden>false</propertyOverridden>
      </string-property>
    </entry>
    <entry>
      <string>quietPeriod</string>
      <integer-property>
        <propertyOverridden>false</propertyOverridden>
      </integer-property>
    </entry>
    <entry>
      <string>org-jvnet-hudson-plugins-triggers-startup-HudsonStartupTrigger</string>
      <trigger-property>
        <propertyOverridden>false</propertyOverridden>
      </trigger-property>
    </entry>
    <entry>
      <string>builders</string>
      <describable-list-property>
        <originalValue class="hudson.util.DescribableList">
          <hudson.tasks.Shell>
            <command>export</command>
          </hudson.tasks.Shell>
          <hudson.tasks.Shelly>
            <command>export TEST_MODULE</command>
          </hudson.tasks.Shelly>
          <hudson.tasks.Belly>
            <command>export TEST_MODULE</command>
          </hudson.tasks.Belly>
          <hudson.tasks.Silly>
            <command>export TEST_MODULE</command>
          </hudson.tasks.Silly>
        </originalValue>
        <propertyOverridden>false</propertyOverridden>
      </describable-list-property>
    </entry>
    <entry>
      <string>hudson-tasks-BuildTrigger</string>
      <external-property>
        <propertyOverridden>false</propertyOverridden>
        <modified>false</modified>
      </external-property>
    </entry>
    <entry>
      <string>hudson-triggers-SCMTrigger</string>
      <trigger-property>
        <propertyOverridden>false</propertyOverridden>
      </trigger-property>
    </entry>
    <entry>
      <string>hudson-plugins-postbuildtask-PostbuildTask</string>
      <external-property>
        <propertyOverridden>false</propertyOverridden>
        <modified>false</modified>
      </external-property>
    </entry>
    <entry>
      <string>com-redfin-hudson-UrlChangeTrigger</string>
      <trigger-property>
        <propertyOverridden>false</propertyOverridden>
      </trigger-property>
    </entry>
    <entry>
      <string>jdk</string>
      <string-property>
        <originalValue class="string">(Default)</originalValue>
        <propertyOverridden>false</propertyOverridden>
      </string-property>
    </entry>
    <entry>
      <string>appointedNode</string>
      <base-property>
        <originalValue class="appointed-node-property">
          <nodeName>OL5</nodeName>
          <advancedAffinityChooser>false</advancedAffinityChooser>
          <canRoam>false</canRoam>
        </originalValue>
        <propertyOverridden>false</propertyOverridden>
      </base-property>
    </entry>
    <entry>
      <string>concurrentBuild</string>
      <boolean-property>
        <originalValue class="boolean">true</originalValue>
        <propertyOverridden>false</propertyOverridden>
      </boolean-property>
    </entry>
    <entry>
      <string>hudson-tasks-ArtifactArchiver</string>
      <external-property>
        <originalValue class="hudson.tasks.ArtifactArchiver">
          <artifacts>AA*,AA*/**</artifacts>
          <compressionType>GZIP</compressionType>
          <latestOnly>false</latestOnly>
          <autoValidateFileMask>false</autoValidateFileMask>
        </originalValue>
        <propertyOverridden>false</propertyOverridden>
        <modified>false</modified>
      </external-property>
    </entry>
    <entry>
      <string>org-hudsonci-maven-plugin-dependencymonitor-DependencyTrigger</string>
      <trigger-property>
        <propertyOverridden>false</propertyOverridden>
      </trigger-property>
    </entry>
    <entry>
      <string>hudson-plugins-parameterizedtrigger-BuildTrigger</string>
      <external-property>
        <propertyOverridden>false</propertyOverridden>
        <modified>false</modified>
      </external-property>
    </entry>
    <entry>
      <string>scm</string>
      <scm-property>
        <originalValue class="hudson.scm.NullSCM"/>
        <propertyOverridden>false</propertyOverridden>
      </scm-property>
    </entry>
    <entry>
      <string>hudson-plugins-findbugs-FindBugsPublisher</string>
      <external-property>
        <propertyOverridden>false</propertyOverridden>
        <modified>false</modified>
      </external-property>
    </entry>
    <entry>
      <string>org-hudsonci-maven-plugin-artifactrecorder-ArtifactFingerprinter</string>
      <external-property>
        <propertyOverridden>false</propertyOverridden>
        <modified>false</modified>
      </external-property>
    </entry>
    <entry>
      <string>hudson-triggers-TimerTrigger</string>
      <trigger-property>
        <propertyOverridden>false</propertyOverridden>
      </trigger-property>
    </entry>
  </project-properties>
  <keepDependencies>false</keepDependencies>
  <createdBy>gerard.davison@oracle.com</createdBy>
  <creationTime>1380277223424</creationTime>
  <properties>
    <hudson.security.AuthorizationMatrixProperty>
      <permission>hudson.model.Run.Delete:gerard.davison@oracle.com</permission>
      <permission>hudson.model.Item.Configure:gerard.davison@oracle.com</permission>
      <permission>hudson.model.Item.Delete:gerard.davison@oracle.com</permission>
      <permission>hudson.model.Run.Update:gerard.davison@oracle.com</permission>
      <permission>hudson.model.Item.Build:gerard.davison@oracle.com</permission>
      <permission>hudson.model.Item.Read:gerard.davison@oracle.com</permission>
      <permission>hudson.model.Item.Workspace:gerard.davison@oracle.com</permission>
    </hudson.security.AuthorizationMatrixProperty>
  </properties>
  <cascadingChildrenNames class="java.util.concurrent.CopyOnWriteArraySet"/>
  <cascading-job-properties class="java.util.concurrent.CopyOnWriteArraySet">
    <string>hudson-plugins-disk_usage-DiskUsageProperty</string>
    <string>hudson-plugins-descriptionsetter-JobByDescription</string>
    <string>hudson-queueSorter-PrioritySorterJobProperty</string>
    <string>org-hudsonci-plugins-snapshotmonitor-WatchedDependenciesProperty</string>
  </cascading-job-properties>
  <scm class="hudson.scm.NullSCM"/>
  <canRoam>false</canRoam>
  <disabled>false</disabled>
  <blockBuildWhenDownstreamBuilding>false</blockBuildWhenDownstreamBuilding>
  <blockBuildWhenUpstreamBuilding>false</blockBuildWhenUpstreamBuilding>
  <concurrentBuild>false</concurrentBuild>
  <cleanWorkspaceRequired>false</cleanWorkspaceRequired>
</project>