<?xml version='1.0' encoding='UTF-8'?>
<buildHistory>
  <builds>
    <build>
      <number>1</number>
      <displayName>#1</displayName>
      <fullDisplayName>yyy #1</fullDisplayName>
      <buildDir>2015-08-19_16-54-48/</buildDir>
      <state>COMPLETED</state>
      <result>FAILURE</result>
      <building>false</building>
      <logUpdated>false</logUpdated>
      <timestamp>1439999688000</timestamp>
      <duration>21483</duration>
      <url>job/yyy/1/</url>
    </build>
    <build>
      <number>2</number>
      <displayName>#2</displayName>
      <fullDisplayName>yyy #2</fullDisplayName>
      <buildDir>2015-08-19_16-55-29/</buildDir>
      <state>COMPLETED</state>
      <result>FAILURE</result>
      <building>false</building>
      <logUpdated>false</logUpdated>
      <timestamp>1439999729000</timestamp>
      <duration>1496</duration>
      <url>job/yyy/2/</url>
    </build>
    <build>
      <number>3</number>
      <displayName>#3</displayName>
      <fullDisplayName>yyy #3</fullDisplayName>
      <buildDir>2015-08-19_16-55-39/</buildDir>
      <state>COMPLETED</state>
      <result>FAILURE</result>
      <building>false</building>
      <logUpdated>false</logUpdated>
      <timestamp>1439999739000</timestamp>
      <duration>861</duration>
      <url>job/yyy/3/</url>
    </build>
    <build>
      <number>4</number>
      <displayName>#4</displayName>
      <fullDisplayName>yyy #4</fullDisplayName>
      <buildDir>2015-08-19_16-56-57/</buildDir>
      <state>COMPLETED</state>
      <result>FAILURE</result>
      <building>false</building>
      <logUpdated>false</logUpdated>
      <timestamp>1439999817000</timestamp>
      <duration>872</duration>
      <url>job/yyy/4/</url>
    </build>
    <build>
      <number>5</number>
      <displayName>#5</displayName>
      <fullDisplayName>yyy #5</fullDisplayName>
      <buildDir>2015-08-19_17-10-30/</buildDir>
      <state>COMPLETED</state>
      <result>FAILURE</result>
      <building>false</building>
      <logUpdated>false</logUpdated>
      <timestamp>1440000630503</timestamp>
      <duration>1873</duration>
      <url>job/yyy/5/</url>
    </build>
    <build>
      <number>6</number>
      <displayName>#6</displayName>
      <fullDisplayName>yyy #6</fullDisplayName>
      <buildDir>2015-08-19_17-15-01/</buildDir>
      <state>COMPLETED</state>
      <result>FAILURE</result>
      <building>false</building>
      <logUpdated>false</logUpdated>
      <timestamp>1440000901415</timestamp>
      <duration>1019</duration>
      <url>job/yyy/6/</url>
    </build>
    <build>
      <number>7</number>
      <displayName>#7</displayName>
      <fullDisplayName>yyy #7</fullDisplayName>
      <buildDir>2015-08-19_17-15-53/</buildDir>
      <state>COMPLETED</state>
      <result>FAILURE</result>
      <building>false</building>
      <logUpdated>false</logUpdated>
      <timestamp>1440000953998</timestamp>
      <duration>1334</duration>
      <url>job/yyy/7/</url>
    </build>
    <build>
      <number>8</number>
      <displayName>#8</displayName>
      <fullDisplayName>yyy #8</fullDisplayName>
      <buildDir>2015-08-19_17-16-28/</buildDir>
      <state>COMPLETED</state>
      <result>SUCCESS</result>
      <building>false</building>
      <logUpdated>false</logUpdated>
      <timestamp>1440000988737</timestamp>
      <duration>4378</duration>
      <url>job/yyy/8/</url>
    </build>
    <build>
      <number>9</number>
      <displayName>#9</displayName>
      <fullDisplayName>yyy #9</fullDisplayName>
      <buildDir>2015-08-19_17-19-01/</buildDir>
      <state>COMPLETED</state>
      <result>SUCCESS</result>
      <building>false</building>
      <logUpdated>false</logUpdated>
      <timestamp>1440001141362</timestamp>
      <duration>1603</duration>
      <url>job/yyy/9/</url>
    </build>
    <build>
      <number>10</number>
      <displayName>#10</displayName>
      <fullDisplayName>yyy #10</fullDisplayName>
      <buildDir>2015-08-20_11-30-36/</buildDir>
      <state>COMPLETED</state>
      <result>FAILURE</result>
      <building>false</building>
      <logUpdated>false</logUpdated>
      <timestamp>1440066636856</timestamp>
      <duration>4481</duration>
      <url>job/yyy/10/</url>
      <builtOn></builtOn>
    </build>
    <build>
      <number>11</number>
      <displayName>#11</displayName>
      <fullDisplayName>yyy #11</fullDisplayName>
      <buildDir>2015-08-20_11-36-32/</buildDir>
      <state>COMPLETED</state>
      <result>FAILURE</result>
      <building>false</building>
      <logUpdated>false</logUpdated>
      <timestamp>1440066992819</timestamp>
      <duration>4620</duration>
      <url>job/yyy/11/</url>
      <builtOn></builtOn>
    </build>
    <build>
      <number>12</number>
      <displayName>#12</displayName>
      <fullDisplayName>yyy #12</fullDisplayName>
      <buildDir>2015-08-20_12-50-12/</buildDir>
      <state>COMPLETED</state>
      <result>SUCCESS</result>
      <building>false</building>
      <logUpdated>false</logUpdated>
      <timestamp>1440071412799</timestamp>
      <duration>5626</duration>
      <url>job/yyy/12/</url>
      <builtOn></builtOn>
    </build>
    <build>
      <number>13</number>
      <displayName>#13</displayName>
      <fullDisplayName>yyy #13</fullDisplayName>
      <buildDir>2015-08-20_12-52-07/</buildDir>
      <state>COMPLETED</state>
      <result>SUCCESS</result>
      <building>false</building>
      <logUpdated>false</logUpdated>
      <timestamp>1440071527449</timestamp>
      <duration>4422</duration>
      <url>job/yyy/13/</url>
      <builtOn></builtOn>
    </build>
    <build>
      <number>14</number>
      <displayName>#14</displayName>
      <fullDisplayName>yyy #14</fullDisplayName>
      <buildDir>2015-08-20_12-52-40/</buildDir>
      <state>COMPLETED</state>
      <result>SUCCESS</result>
      <building>false</building>
      <logUpdated>false</logUpdated>
      <timestamp>1440071560949</timestamp>
      <duration>4244</duration>
      <url>job/yyy/14/</url>
      <builtOn></builtOn>
    </build>
  </builds>
  <markers>
    <LAST__UNSUCCESSFUL>11</LAST__UNSUCCESSFUL>
    <LAST__STABLE>14</LAST__STABLE>
    <LAST__COMPLETED>14</LAST__COMPLETED>
    <LAST__FAILED>11</LAST__FAILED>
    <LAST__SUCCESSFUL>14</LAST__SUCCESSFUL>
  </markers>
</buildHistory>