<?xml version="1.0"?>
<ojdeploy-log>
  <deploy-task>
    <target>
      <profile>C9TopLink_application1</profile>
      <workspace>/home/c2c/hudson/workspace/qa-dev_karentestbuilddeploy.App_TopLinkApp_Ant_Jdev11/TopLinkApp/C9TopLink.jws</workspace>
      <output-file>/home/c2c/hudson/workspace/qa-dev_karentestbuilddeploy.App_TopLinkApp_Ant_Jdev11/TopLinkApp/deploy/C9TopLink_application1.ear</output-file>
      <output-file>/home/c2c/hudson/workspace/qa-dev_karentestbuilddeploy.App_TopLinkApp_Ant_Jdev11/TopLinkApp/deploy/C9TopLink_application1.ear</output-file>
    </target>
    <status exitcode="0">SUCCESS</status>
  </deploy-task>
  <deploy-task>
    <target>
      <profile>ToplinkTest</profile>
      <workspace>/home/c2c/hudson/workspace/qa-dev_karentestbuilddeploy.App_TopLinkApp_Ant_Jdev11/TopLinkApp/C9TopLink.jws</workspace>
      <output-file>/home/c2c/hudson/workspace/qa-dev_karentestbuilddeploy.App_TopLinkApp_Ant_Jdev11/TopLinkApp/deploy/ToplinkTest.ear</output-file>
    </target>
    <status exitcode="0">SUCCESS</status>
  </deploy-task>
  <summary>
    <start-time>2015-08-02 20:34:07 UTC</start-time>
    <end-time>2015-08-02 20:34:30 UTC</end-time>
    <total-tasks>2</total-tasks>
    <failures>0</failures>
    <status exitcode="0">SUCCESS</status>
  </summary>
</ojdeploy-log>
