<buildState>
  <buildConfiguration>
    <installationId>(Bundled)</installationId>
    <goals>clean install</goals>
    <privateRepository>false</privateRepository>
    <privateTmpdir>false</privateTmpdir>
    <pomFile>pom.xml</pomFile>
    <properties>
      <entries/>
    </properties>
    <errors>false</errors>
    <verbosity>NORMAL</verbosity>
    <offline>false</offline>
    <snapshotUpdateMode>NORMAL</snapshotUpdateMode>
    <profiles/>
    <recursive>true</recursive>
    <checksumMode>NORMAL</checksumMode>
    <failMode>NORMAL</failMode>
    <makeMode>NONE</makeMode>
    <projects/>
    <settingsId>NONE</settingsId>
    <globalSettingsId>NONE</globalSettingsId>
    <toolChainsId>NONE</toolChainsId>
  </buildConfiguration>
  <executionActivities>
    <executionActivity type="STARTED" timestamp="2015-08-26 13:11:56.489 UTC"/>
    <executionActivity type="FINISHED" timestamp="2015-08-26 13:11:57.336 UTC"/>
  </executionActivities>
  <runtimeEnvironment>
    <versionProperties>
      <entries>
        <entry name="version" value="3.1.1"/>
        <entry name="buildNumber" value="0728685237757ffbf44136acec0402957f723d9a"/>
        <entry name="distributionId" value="apache-maven"/>
        <entry name="timestamp" value="1379431342560"/>
        <entry name="distributionName" value="Apache Maven"/>
        <entry name="distributionShortName" value="Maven"/>
      </entries>
    </versionProperties>
    <userProperties>
      <entries>
        <entry name="maven.ext.class.path" value="C:\Temp\hudson\3.2.2\maven\slavebundle\resources;C:\Temp\hudson\3.2.2\maven\slavebundle\lib\maven3-eventspy-3.1.jar;C:\Temp\hudson\3.2.2\war\webapp\WEB-INF\lib\hudson-remoting-3.0.3.jar"/>
        <entry name="hudson.eventspy.port" value="54384"/>
      </entries>
    </userProperties>
    <systemProperties>
      <entries>
        <entry name="java.vendor" value="Oracle Corporation"/>
        <entry name="env.SYSTEMROOT" value="C:\windows"/>
        <entry name="env.USERDOMAIN_ROAMINGPROFILE" value="ORADEV"/>
        <entry name="sun.java.launcher" value="SUN_STANDARD"/>
        <entry name="env.DEFLOGDIR" value="C:\ProgramData\McAfee\DesktopProtection"/>
        <entry name="env.ROOT_REPO" value="C:\mcs_buf"/>
        <entry name="sun.management.compiler" value="HotSpot 64-Bit Tiered Compilers"/>
        <entry name="env.PROMPT" value="$P$G"/>
        <entry name="os.name" value="Windows 7"/>
        <entry name="env.FP_NO_HOST_CHECK" value="NO"/>
        <entry name="sun.boot.class.path" value="C:\jdk8_latest\jre\lib\resources.jar;C:\jdk8_latest\jre\lib\rt.jar;C:\jdk8_latest\jre\lib\sunrsasign.jar;C:\jdk8_latest\jre\lib\jsse.jar;C:\jdk8_latest\jre\lib\jce.jar;C:\jdk8_latest\jre\lib\charsets.jar;C:\jdk8_latest\jre\lib\jfr.jar;C:\jdk8_latest\jre\classes"/>
        <entry name="env.COMPUTERNAME" value="JBLAIR-LAP1"/>
        <entry name="env.ALLUSERSPROFILE" value="C:\ProgramData"/>
        <entry name="sun.desktop" value="windows"/>
        <entry name="java.vm.specification.vendor" value="Oracle Corporation"/>
        <entry name="java.runtime.version" value="1.8.0_40-ea-b19"/>
        <entry name="env.HOMEPATH" value="\Users\jblair.ORADEV"/>
        <entry name="env.ROOT_CLIENT" value="C:\mcs_buf\breeze\client"/>
        <entry name="user.name" value="jblair"/>
        <entry name="maven.build.version" value="Apache Maven 3.1.1 (0728685237757ffbf44136acec0402957f723d9a; 2013-09-17 16:22:22+0100)"/>
        <entry name="env.WINDOWS_TRACING_FLAGS" value="3"/>
        <entry name="env.PATH" value="C:\jdk8_latest\bin;D:\oracleHome\product\12.1.0\dbhome_1\bin;C:\cygwin\bin;C:\windows\system32;C:\windows;C:\windows\System32\Wbem;C:\windows\System32\WindowsPowerShell\v1.0\;C:\Program Files\Lenovo\Fingerprint Manager Pro\;C:\Program Files (x86)\Skype\Phone\;C:\Program Files (x86)\Git\cmd;C:\Program Files (x86)\nodejs\;C:\Program Files\Microsoft SQL Server\110\Tools\Binn\;D:\ant\apache-ant-1.9.6\bin;D:\gradle-2.6\bin;C:\maven\apache-maven-3.0.5\bin;C:\Ruby21\bin;C:\tools\bin;Z:\tools\bin;T:\jblair\tools\bin;T:\jblair\tools\utils;T:\jblair\bm\tools\bin;C:\Users\jblair.ORADEV\AppData\Roaming\npm"/>
        <entry name="user.language" value="en"/>
        <entry name="sun.boot.library.path" value="C:\jdk8_latest\jre\bin"/>
        <entry name="env.WINDIR" value="C:\windows"/>
        <entry name="classworlds.conf" value="C:\Temp\hudson\3.2.2\maven\slavebundle\bundled-maven\bin\m2.conf"/>
        <entry name="java.version" value="1.8.0_40-ea"/>
        <entry name="env.PROCESSOR_IDENTIFIER" value="Intel64 Family 6 Model 60 Stepping 3, GenuineIntel"/>
        <entry name="user.timezone" value="Europe/London"/>
        <entry name="env.TEMP" value="C:\Users\JBLAIR~1.ORA\AppData\Local\Temp"/>
        <entry name="sun.arch.data.model" value="64"/>
        <entry name="hudson.eventspy.port" value="54384"/>
        <entry name="env.WINDOWS_TRACING_LOGFILE" value="C:\BVTBin\Tests\installpackage\csilogfile.log"/>
        <entry name="java.endorsed.dirs" value="C:\jdk8_latest\jre\lib\endorsed"/>
        <entry name="env.VSEDEFLOGDIR" value="C:\ProgramData\McAfee\DesktopProtection"/>
        <entry name="sun.cpu.isalist" value="amd64"/>
        <entry name="sun.jnu.encoding" value="Cp1252"/>
        <entry name="file.encoding.pkg" value="sun.io"/>
        <entry name="env.HTTPS_PROXY" value="http://www-proxy.uk.oracle.com:80"/>
        <entry name="env.HOMEDRIVE" value="C:"/>
        <entry name="env.VS110COMNTOOLS" value="C:\Program Files (x86)\Microsoft Visual Studio 11.0\Common7\Tools\"/>
        <entry name="env.SYSTEMDRIVE" value="C:"/>
        <entry name="file.separator" value="\"/>
        <entry name="java.specification.name" value="Java Platform API Specification"/>
        <entry name="env.MAVEN_SKIP_RC" value="true"/>
        <entry name="java.class.version" value="52.0"/>
        <entry name="org.slf4j.simpleLogger.defaultLogLevel" value="info"/>
        <entry name="user.country" value="GB"/>
        <entry name="java.home" value="C:\jdk8_latest\jre"/>
        <entry name="env.BUILD_NUMBER" value="2"/>
        <entry name="env.GRADLE_HOME" value="D:\gradle-2.6"/>
        <entry name="env.APPDATA" value="C:\Users\jblair.ORADEV\AppData\Roaming"/>
        <entry name="java.vm.info" value="mixed mode"/>
        <entry name="env.PUBLIC" value="C:\Users\Public"/>
        <entry name="env.OS" value="Windows_NT"/>
        <entry name="os.version" value="6.1"/>
        <entry name="env.HUDSON_COOKIE" value="63c1a1a1-25b7-40b0-945f-933aa9d55b1e"/>
        <entry name="path.separator" value=";"/>
        <entry name="java.vm.version" value="25.40-b23"/>
        <entry name="user.variant" value=""/>
        <entry name="env.USERPROFILE" value="C:\Users\jblair.ORADEV"/>
        <entry name="maven.ext.class.path" value="C:\Temp\hudson\3.2.2\maven\slavebundle\resources;C:\Temp\hudson\3.2.2\maven\slavebundle\lib\maven3-eventspy-3.1.jar;C:\Temp\hudson\3.2.2\war\webapp\WEB-INF\lib\hudson-remoting-3.0.3.jar"/>
        <entry name="env.JOB_NAME" value="3.2.2"/>
        <entry name="env.JAVA_HOME" value="C:\jdk8_latest"/>
        <entry name="java.awt.printerjob" value="sun.awt.windows.WPrinterJob"/>
        <entry name="env.TMP" value="C:\Users\JBLAIR~1.ORA\AppData\Local\Temp"/>
        <entry name="env.PROGRAMFILES" value="C:\Program Files"/>
        <entry name="sun.io.unicode.encoding" value="UnicodeLittle"/>
        <entry name="awt.toolkit" value="sun.awt.windows.WToolkit"/>
        <entry name="user.script" value=""/>
        <entry name="env.ADE_VISTA_SYMLINKS" value="1"/>
        <entry name="env.BUILD_TAG" value="hudson-3.2.2-2"/>
        <entry name="user.home" value="C:\Users\jblair.ORADEV"/>
        <entry name="env.COMMONPROGRAMFILES" value="C:\Program Files\Common Files"/>
        <entry name="env.SESSIONNAME" value="Console"/>
        <entry name="java.specification.vendor" value="Oracle Corporation"/>
        <entry name="env.M2_HOME" value="C:\Temp\hudson\3.2.2\maven\slavebundle\bundled-maven"/>
        <entry name="java.library.path" value="C:\jdk8_latest\bin;C:\windows\Sun\Java\bin;C:\windows\system32;C:\windows;C:\jdk8_latest\bin;D:\oracleHome\product\12.1.0\dbhome_1\bin;C:\cygwin\bin;C:\windows\system32;C:\windows;C:\windows\System32\Wbem;C:\windows\System32\WindowsPowerShell\v1.0\;C:\Program Files\Lenovo\Fingerprint Manager Pro\;C:\Program Files (x86)\Skype\Phone\;C:\Program Files (x86)\Git\cmd;C:\Program Files (x86)\nodejs\;C:\Program Files\Microsoft SQL Server\110\Tools\Binn\;D:\ant\apache-ant-1.9.6\bin;D:\gradle-2.6\bin;C:\maven\apache-maven-3.0.5\bin;C:\Ruby21\bin;C:\tools\bin;Z:\tools\bin;T:\jblair\tools\bin;T:\jblair\tools\utils;T:\jblair\bm\tools\bin;C:\Users\jblair.ORADEV\AppData\Roaming\npm;."/>
        <entry name="java.vendor.url" value="http://java.oracle.com/"/>
        <entry name="env.NUMBER_OF_PROCESSORS" value="4"/>
        <entry name="env.COMMONPROGRAMFILES(X86)" value="C:\Program Files (x86)\Common Files"/>
        <entry name="env.USERDNSDOMAIN" value="ORADEV.ORACLECORP.COM"/>
        <entry name="env.PSMODULEPATH" value="C:\windows\system32\WindowsPowerShell\v1.0\Modules\"/>
        <entry name="env.CLASSWORLDS_LAUNCHER" value="org.codehaus.plexus.classworlds.launcher.Launcher"/>
        <entry name="env.MAVEN_CMD_LINE_ARGS" value="clean install -V -B -Dmaven.ext.class.path=C:\Temp\hudson\3.2.2\maven\slavebundle\resources;C:\Temp\hudson\3.2.2\maven\slavebundle\lib\maven3-eventspy-3.1.jar;C:\Temp\hudson\3.2.2\war\webapp\WEB-INF\lib\hudson-remoting-3.0.3.jar -Dhudson.eventspy.port=54384 -f pom.xml"/>
        <entry name="env.HUDSON_HOME" value="C:\Temp\hudson\3.2.2"/>
        <entry name="java.vm.vendor" value="Oracle Corporation"/>
        <entry name="env.HUDSON_SERVER_COOKIE" value="ba01ec0f31a8454f4ca0e217e608bf3d"/>
        <entry name="maven.home" value="C:\Temp\hudson\3.2.2\maven\slavebundle\bundled-maven"/>
        <entry name="java.runtime.name" value="Java(TM) SE Runtime Environment"/>
        <entry name="sun.java.command" value="org.codehaus.plexus.classworlds.launcher.Launcher clean install -V -B -Dmaven.ext.class.path=C:\Temp\hudson\3.2.2\maven\slavebundle\resources;C:\Temp\hudson\3.2.2\maven\slavebundle\lib\maven3-eventspy-3.1.jar;C:\Temp\hudson\3.2.2\war\webapp\WEB-INF\lib\hudson-remoting-3.0.3.jar -Dhudson.eventspy.port=54384 -f pom.xml"/>
        <entry name="java.class.path" value="C:\Temp\hudson\3.2.2\maven\slavebundle\bundled-maven\boot\plexus-classworlds-2.5.1.jar"/>
        <entry name="env.EXECUTOR_NUMBER" value="1"/>
        <entry name="env.MAVEN_TERMINATE_CMD" value="on"/>
        <entry name="env.PROGRAMW6432" value="C:\Program Files"/>
        <entry name="maven.version" value="3.1.1"/>
        <entry name="env.PROGRAMFILES(X86)" value="C:\Program Files (x86)"/>
        <entry name="env.MAVEN_JAVA_EXE" value="&quot;C:\jdk8_latest\bin\java.exe&quot;"/>
        <entry name="java.vm.specification.name" value="Java Virtual Machine Specification"/>
        <entry name="env.LOGONSERVER" value="\\PD-DC-LLG-01"/>
        <entry name="java.vm.specification.version" value="1.8"/>
        <entry name="env.PROCESSOR_ARCHITECTURE" value="AMD64"/>
        <entry name="env.COMMONPROGRAMW6432" value="C:\Program Files\Common Files"/>
        <entry name="sun.cpu.endian" value="little"/>
        <entry name="sun.os.patch.level" value="Service Pack 1"/>
        <entry name="env.HOME" value="C:\Users\jblair.ORADEV"/>
        <entry name="env.ANT_HOME" value="D:\ant\apache-ant-1.9.6"/>
        <entry name="java.io.tmpdir" value="C:\Users\JBLAIR~1.ORA\AppData\Local\Temp\"/>
        <entry name="env.PROCESSOR_REVISION" value="3c03"/>
        <entry name="java.vendor.url.bug" value="http://bugreport.sun.com/bugreport/"/>
        <entry name="env.MAVEN_BATCH_PAUSE" value="off"/>
        <entry name="env.PROGRAMDATA" value="C:\ProgramData"/>
        <entry name="env.COMSPEC" value="C:\windows\system32\cmd.exe"/>
        <entry name="os.arch" value="amd64"/>
        <entry name="java.awt.graphicsenv" value="sun.awt.Win32GraphicsEnvironment"/>
        <entry name="java.ext.dirs" value="C:\jdk8_latest\jre\lib\ext;C:\windows\Sun\Java\lib\ext"/>
        <entry name="user.dir" value="C:\Temp\hudson\3.2.2\jobs\3.2.2\workspace"/>
        <entry name="env.MAVEN_HOME" value="C:\maven\apache-maven-3.0.5"/>
        <entry name="env.LOCALAPPDATA" value="C:\Users\jblair.ORADEV\AppData\Local"/>
        <entry name="env.BUILD_ID" value="2015-08-26_14-11-52"/>
        <entry name="env.GIT_BRANCH" value="master"/>
        <entry name="line.separator" value="&#xd;
"/>
        <entry name="java.vm.name" value="Java HotSpot(TM) 64-Bit Server VM"/>
        <entry name="env.CLASSWORLDS_JAR" value="&quot;C:\Temp\hudson\3.2.2\maven\slavebundle\bundled-maven\boot\plexus-classworlds-2.5.1.jar&quot;"/>
        <entry name="env.PATHEXT" value=".COM;.EXE;.BAT;.CMD;.VBS;.VBE;.JS;.JSE;.WSF;.WSH;.MSC;.RB;.RBW"/>
        <entry name="env.GIT_COMMIT" value="3971ab7b7fbb402944e11a63db5247ba13165d16"/>
        <entry name="env.ERROR_CODE" value="0"/>
        <entry name="env.USERNAME" value="jblair"/>
        <entry name="file.encoding" value="Cp1252"/>
        <entry name="env.WORKSPACE" value="C:\Temp\hudson\3.2.2\jobs\3.2.2\workspace"/>
        <entry name="env.MAVEN_BATCH_ECHO" value="off"/>
        <entry name="env.USERDOMAIN" value="ORADEV"/>
        <entry name="java.specification.version" value="1.8"/>
        <entry name="env.=C:" value="C:\Temp\hudson\3.2.2\jobs\3.2.2\workspace"/>
        <entry name="env.HTTP_PROXY" value="http://www-proxy.uk.oracle.com:80 "/>
        <entry name="env.VBOX_MSI_INSTALL_PATH" value="C:\Program Files\Oracle\VirtualBox\"/>
        <entry name="env.PROCESSOR_LEVEL" value="6"/>
        <entry name="env.NODE_LABELS" value="master"/>
      </entries>
    </systemProperties>
    <systemEnvironment>
      <entries>
        <entry name="USERDOMAIN_ROAMINGPROFILE" value="ORADEV"/>
        <entry name="PROCESSOR_LEVEL" value="6"/>
        <entry name="ROOT_REPO" value="C:\mcs_buf"/>
        <entry name="FP_NO_HOST_CHECK" value="NO"/>
        <entry name="HUDSON_HOME" value="C:\Temp\hudson\3.2.2"/>
        <entry name="HUDSON_COOKIE" value="63c1a1a1-25b7-40b0-945f-933aa9d55b1e"/>
        <entry name="SESSIONNAME" value="Console"/>
        <entry name="ALLUSERSPROFILE" value="C:\ProgramData"/>
        <entry name="PROCESSOR_ARCHITECTURE" value="AMD64"/>
        <entry name="PSModulePath" value="C:\windows\system32\WindowsPowerShell\v1.0\Modules\"/>
        <entry name="SystemDrive" value="C:"/>
        <entry name="DEFLOGDIR" value="C:\ProgramData\McAfee\DesktopProtection"/>
        <entry name="MAVEN_HOME" value="C:\maven\apache-maven-3.0.5"/>
        <entry name="USERNAME" value="jblair"/>
        <entry name="USERDNSDOMAIN" value="ORADEV.ORACLECORP.COM"/>
        <entry name="ProgramFiles(x86)" value="C:\Program Files (x86)"/>
        <entry name="BUILD_TAG" value="hudson-3.2.2-2"/>
        <entry name="PATHEXT" value=".COM;.EXE;.BAT;.CMD;.VBS;.VBE;.JS;.JSE;.WSF;.WSH;.MSC;.RB;.RBW"/>
        <entry name="MAVEN_TERMINATE_CMD" value="on"/>
        <entry name="CLASSWORLDS_JAR" value="&quot;C:\Temp\hudson\3.2.2\maven\slavebundle\bundled-maven\boot\plexus-classworlds-2.5.1.jar&quot;"/>
        <entry name="ProgramData" value="C:\ProgramData"/>
        <entry name="ProgramW6432" value="C:\Program Files"/>
        <entry name="HOMEPATH" value="\Users\jblair.ORADEV"/>
        <entry name="PROCESSOR_IDENTIFIER" value="Intel64 Family 6 Model 60 Stepping 3, GenuineIntel"/>
        <entry name="M2_HOME" value="C:\Temp\hudson\3.2.2\maven\slavebundle\bundled-maven"/>
        <entry name="MAVEN_JAVA_EXE" value="&quot;C:\jdk8_latest\bin\java.exe&quot;"/>
        <entry name="GIT_BRANCH" value="master"/>
        <entry name="ProgramFiles" value="C:\Program Files"/>
        <entry name="PUBLIC" value="C:\Users\Public"/>
        <entry name="windir" value="C:\windows"/>
        <entry name="LOCALAPPDATA" value="C:\Users\jblair.ORADEV\AppData\Local"/>
        <entry name="MAVEN_BATCH_PAUSE" value="off"/>
        <entry name="MAVEN_SKIP_RC" value="true"/>
        <entry name="USERDOMAIN" value="ORADEV"/>
        <entry name="LOGONSERVER" value="\\PD-DC-LLG-01"/>
        <entry name="JAVA_HOME" value="C:\jdk8_latest"/>
        <entry name="PROMPT" value="$P$G"/>
        <entry name="ROOT_CLIENT" value="C:\mcs_buf\breeze\client"/>
        <entry name="BUILD_ID" value="2015-08-26_14-11-52"/>
        <entry name="HTTP_PROXY" value="http://www-proxy.uk.oracle.com:80 "/>
        <entry name="ERROR_CODE" value="0"/>
        <entry name="GRADLE_HOME" value="D:\gradle-2.6"/>
        <entry name="JOB_NAME" value="3.2.2"/>
        <entry name="ANT_HOME" value="D:\ant\apache-ant-1.9.6"/>
        <entry name="=C:" value="C:\Temp\hudson\3.2.2\jobs\3.2.2\workspace"/>
        <entry name="APPDATA" value="C:\Users\jblair.ORADEV\AppData\Roaming"/>
        <entry name="NODE_LABELS" value="master"/>
        <entry name="HTTPS_PROXY" value="http://www-proxy.uk.oracle.com:80"/>
        <entry name="VSEDEFLOGDIR" value="C:\ProgramData\McAfee\DesktopProtection"/>
        <entry name="WORKSPACE" value="C:\Temp\hudson\3.2.2\jobs\3.2.2\workspace"/>
        <entry name="windows_tracing_logfile" value="C:\BVTBin\Tests\installpackage\csilogfile.log"/>
        <entry name="MAVEN_CMD_LINE_ARGS" value="clean install -V -B -Dmaven.ext.class.path=C:\Temp\hudson\3.2.2\maven\slavebundle\resources;C:\Temp\hudson\3.2.2\maven\slavebundle\lib\maven3-eventspy-3.1.jar;C:\Temp\hudson\3.2.2\war\webapp\WEB-INF\lib\hudson-remoting-3.0.3.jar -Dhudson.eventspy.port=54384 -f pom.xml"/>
        <entry name="VBOX_MSI_INSTALL_PATH" value="C:\Program Files\Oracle\VirtualBox\"/>
        <entry name="CommonProgramFiles" value="C:\Program Files\Common Files"/>
        <entry name="Path" value="C:\jdk8_latest\bin;D:\oracleHome\product\12.1.0\dbhome_1\bin;C:\cygwin\bin;C:\windows\system32;C:\windows;C:\windows\System32\Wbem;C:\windows\System32\WindowsPowerShell\v1.0\;C:\Program Files\Lenovo\Fingerprint Manager Pro\;C:\Program Files (x86)\Skype\Phone\;C:\Program Files (x86)\Git\cmd;C:\Program Files (x86)\nodejs\;C:\Program Files\Microsoft SQL Server\110\Tools\Binn\;D:\ant\apache-ant-1.9.6\bin;D:\gradle-2.6\bin;C:\maven\apache-maven-3.0.5\bin;C:\Ruby21\bin;C:\tools\bin;Z:\tools\bin;T:\jblair\tools\bin;T:\jblair\tools\utils;T:\jblair\bm\tools\bin;C:\Users\jblair.ORADEV\AppData\Roaming\npm"/>
        <entry name="GIT_COMMIT" value="3971ab7b7fbb402944e11a63db5247ba13165d16"/>
        <entry name="OS" value="Windows_NT"/>
        <entry name="windows_tracing_flags" value="3"/>
        <entry name="COMPUTERNAME" value="JBLAIR-LAP1"/>
        <entry name="EXECUTOR_NUMBER" value="1"/>
        <entry name="HUDSON_SERVER_COOKIE" value="ba01ec0f31a8454f4ca0e217e608bf3d"/>
        <entry name="MAVEN_BATCH_ECHO" value="off"/>
        <entry name="PROCESSOR_REVISION" value="3c03"/>
        <entry name="CommonProgramW6432" value="C:\Program Files\Common Files"/>
        <entry name="ComSpec" value="C:\windows\system32\cmd.exe"/>
        <entry name="CLASSWORLDS_LAUNCHER" value="org.codehaus.plexus.classworlds.launcher.Launcher"/>
        <entry name="BUILD_NUMBER" value="2"/>
        <entry name="SystemRoot" value="C:\windows"/>
        <entry name="TEMP" value="C:\Users\JBLAIR~1.ORA\AppData\Local\Temp"/>
        <entry name="HOMEDRIVE" value="C:"/>
        <entry name="USERPROFILE" value="C:\Users\jblair.ORADEV"/>
        <entry name="TMP" value="C:\Users\JBLAIR~1.ORA\AppData\Local\Temp"/>
        <entry name="VS110COMNTOOLS" value="C:\Program Files (x86)\Microsoft Visual Studio 11.0\Common7\Tools\"/>
        <entry name="ADE_VISTA_SYMLINKS" value="1"/>
        <entry name="CommonProgramFiles(x86)" value="C:\Program Files (x86)\Common Files"/>
        <entry name="NUMBER_OF_PROCESSORS" value="4"/>
        <entry name="HOME" value="C:\Users\jblair.ORADEV"/>
      </entries>
    </systemEnvironment>
    <workingDirectory>C:\Temp\hudson\3.2.2\jobs\3.2.2\workspace</workingDirectory>
  </runtimeEnvironment>
  <participatingProjects/>
  <artifacts class="unique-list"/>
</buildState>