<?xml version="1.0"?>
<ojdeploy-log>
  <deploy-task>
    <target>
      <profile>JBOApp_application1</profile>
      <workspace>/home/c2c/hudson/workspace/qa-dev_karentestbuilddeploy.App_JBOApp_Ant_Jdev11/JBOApp/JBOApp.jws</workspace>
      <output-file>/home/c2c/hudson/workspace/qa-dev_karentestbuilddeploy.App_JBOApp_Ant_Jdev11/JBOApp/deploy/JBOApp_application1.ear</output-file>
      <output-file>/home/c2c/hudson/workspace/qa-dev_karentestbuilddeploy.App_JBOApp_Ant_Jdev11/JBOApp/deploy/JBOApp_application1.ear</output-file>
    </target>
    <status exitcode="0">SUCCESS</status>
  </deploy-task>
  <summary>
    <start-time>2015-08-02 20:22:30 UTC</start-time>
    <end-time>2015-08-02 20:22:50 UTC</end-time>
    <total-tasks>1</total-tasks>
    <failures>0</failures>
    <status exitcode="0">SUCCESS</status>
  </summary>
</ojdeploy-log>
