<buildState>
  <buildConfiguration>
    <installationId>(Bundled)</installationId>
    <goals>clean install</goals>
    <privateRepository>false</privateRepository>
    <privateTmpdir>false</privateTmpdir>
    <pomFile>Simple/pom.xml</pomFile>
    <properties>
      <entries/>
    </properties>
    <errors>false</errors>
    <verbosity>NORMAL</verbosity>
    <offline>false</offline>
    <snapshotUpdateMode>NORMAL</snapshotUpdateMode>
    <recursive>true</recursive>
    <checksumMode>NORMAL</checksumMode>
    <failMode>NORMAL</failMode>
    <makeMode>NONE</makeMode>
    <settingsId>NONE</settingsId>
    <globalSettingsId>NONE</globalSettingsId>
    <toolChainsId>NONE</toolChainsId>
  </buildConfiguration>
  <executionActivities>
    <executionActivity type="ABORTED" timestamp="2015-08-25 12:05:38.962 UTC"/>
  </executionActivities>
  <participatingProjects/>
  <artifacts class="unique-list"/>
</buildState>