<?xml version='1.0' encoding='UTF-8'?>
<buildHistory>
  <builds>
    <build>
      <number>1</number>
      <displayName>#1</displayName>
      <fullDisplayName>App_ADFTFApp_Ant_Jdev11 #1</fullDisplayName>
      <buildDir>2015-08-02_20-14-37/</buildDir>
      <state>COMPLETED</state>
      <result>SUCCESS</result>
      <building>false</building>
      <logUpdated>false</logUpdated>
      <timestamp>1438546477869</timestamp>
      <duration>135370</duration>
      <url>job/qa-dev_karentestbuilddeploy.App_ADFTFApp_Ant_Jdev11/1/</url>
      <builtOn>Builder 20</builtOn>
    </build>
  </builds>
  <markers>
    <LAST__COMPLETED>1</LAST__COMPLETED>
    <LAST__SUCCESSFUL>1</LAST__SUCCESSFUL>
    <LAST__STABLE>1</LAST__STABLE>
  </markers>
</buildHistory>