<?xml version="1.0"?>
<ojdeploy-log>
  <deploy-task>
    <target>
      <profile>AdfBcApp_application1</profile>
      <workspace>/home/c2c/hudson/workspace/qa-dev_karentestbuilddeploy.App_AdfBc12c_Ant_Jdev12/AdfBc12c/AdfBcApp.jws</workspace>
      <output-file>/home/c2c/hudson/workspace/qa-dev_karentestbuilddeploy.App_AdfBc12c_Ant_Jdev12/AdfBc12c/deploy/AdfBcApp_application1.ear</output-file>
      <output-file>/home/c2c/hudson/workspace/qa-dev_karentestbuilddeploy.App_AdfBc12c_Ant_Jdev12/AdfBc12c/deploy/AdfBcApp_application1.ear</output-file>
    </target>
    <status exitcode="0">SUCCESS</status>
  </deploy-task>
  <summary>
    <start-time>2015-08-02 20:10:29 UTC</start-time>
    <end-time>2015-08-02 20:10:44 UTC</end-time>
    <total-tasks>1</total-tasks>
    <failures>0</failures>
    <status exitcode="0">SUCCESS</status>
  </summary>
</ojdeploy-log>
