<?xml version='1.0' encoding='UTF-8'?>
<buildHistory>
  <builds>
    <build>
      <number>1</number>
      <displayName>#1</displayName>
      <fullDisplayName>zzz #1</fullDisplayName>
      <buildDir>2015-08-20_13-37-35/</buildDir>
      <state>COMPLETED</state>
      <result>FAILURE</result>
      <building>false</building>
      <logUpdated>false</logUpdated>
      <timestamp>1440074255598</timestamp>
      <duration>21487</duration>
      <url>job/zzz/1/</url>
    </build>
    <build>
      <number>2</number>
      <displayName>#2</displayName>
      <fullDisplayName>zzz #2</fullDisplayName>
      <buildDir>2015-08-20_13-38-05/</buildDir>
      <state>COMPLETED</state>
      <result>FAILURE</result>
      <building>false</building>
      <logUpdated>false</logUpdated>
      <timestamp>1440074285350</timestamp>
      <duration>1503</duration>
      <url>job/zzz/2/</url>
    </build>
    <build>
      <number>3</number>
      <displayName>#3</displayName>
      <fullDisplayName>zzz #3</fullDisplayName>
      <buildDir>2015-08-20_13-45-09/</buildDir>
      <state>COMPLETED</state>
      <result>FAILURE</result>
      <building>false</building>
      <logUpdated>false</logUpdated>
      <timestamp>1440074709723</timestamp>
      <duration>3225</duration>
      <url>job/zzz/3/</url>
      <builtOn></builtOn>
    </build>
    <build>
      <number>4</number>
      <displayName>#4</displayName>
      <fullDisplayName>zzz #4</fullDisplayName>
      <buildDir>2015-08-20_13-46-10/</buildDir>
      <state>COMPLETED</state>
      <result>FAILURE</result>
      <building>false</building>
      <logUpdated>false</logUpdated>
      <timestamp>1440074770529</timestamp>
      <duration>5408</duration>
      <url>job/zzz/4/</url>
      <builtOn></builtOn>
    </build>
    <build>
      <number>5</number>
      <displayName>#5</displayName>
      <fullDisplayName>zzz #5</fullDisplayName>
      <buildDir>2015-08-20_14-08-12/</buildDir>
      <state>COMPLETED</state>
      <result>FAILURE</result>
      <building>false</building>
      <logUpdated>false</logUpdated>
      <timestamp>1440076092589</timestamp>
      <duration>9733</duration>
      <url>job/zzz/5/</url>
      <builtOn></builtOn>
    </build>
    <build>
      <number>6</number>
      <displayName>#6</displayName>
      <fullDisplayName>zzz #6</fullDisplayName>
      <buildDir>2015-08-20_14-16-47/</buildDir>
      <state>COMPLETED</state>
      <result>FAILURE</result>
      <building>false</building>
      <logUpdated>false</logUpdated>
      <timestamp>1440076607565</timestamp>
      <duration>10938</duration>
      <url>job/zzz/6/</url>
      <builtOn></builtOn>
    </build>
    <build>
      <number>7</number>
      <displayName>#7</displayName>
      <fullDisplayName>zzz #7</fullDisplayName>
      <buildDir>2015-08-20_14-18-42/</buildDir>
      <state>COMPLETED</state>
      <result>FAILURE</result>
      <building>false</building>
      <logUpdated>false</logUpdated>
      <timestamp>1440076722358</timestamp>
      <duration>8696</duration>
      <url>job/zzz/7/</url>
      <builtOn></builtOn>
    </build>
    <build>
      <number>8</number>
      <displayName>#8</displayName>
      <fullDisplayName>zzz #8</fullDisplayName>
      <buildDir>2015-08-20_14-19-24/</buildDir>
      <state>COMPLETED</state>
      <result>FAILURE</result>
      <building>false</building>
      <logUpdated>false</logUpdated>
      <timestamp>1440076764619</timestamp>
      <duration>9293</duration>
      <url>job/zzz/8/</url>
      <builtOn></builtOn>
    </build>
  </builds>
  <markers>
    <LAST__UNSUCCESSFUL>8</LAST__UNSUCCESSFUL>
    <LAST__FAILED>8</LAST__FAILED>
    <LAST__COMPLETED>8</LAST__COMPLETED>
  </markers>
</buildHistory>