<?xml version="1.0"?>
<ojdeploy-log>
  <deploy-task>
    <target>
      <profile>EJBTestApp_application1</profile>
      <workspace>/home/c2c/hudson/workspace/qa-dev_karentestbuilddeploy.App_EJBTestApp_Ant_Jdev11/EJBTestApp/EJBTestApp.jws</workspace>
      <output-file>/home/c2c/hudson/workspace/qa-dev_karentestbuilddeploy.App_EJBTestApp_Ant_Jdev11/EJBTestApp/deploy/EJBTestApp_application1.ear</output-file>
    </target>
    <status exitcode="0">SUCCESS</status>
  </deploy-task>
  <summary>
    <start-time>2015-08-02 20:19:17 UTC</start-time>
    <end-time>2015-08-02 20:19:37 UTC</end-time>
    <total-tasks>1</total-tasks>
    <failures>0</failures>
    <status exitcode="0">SUCCESS</status>
  </summary>
</ojdeploy-log>
