<?xml version="1.0"?>
<ojdeploy-log>
  <deploy-task>
    <target>
      <profile>SummitADF_application1</profile>
      <workspace>/home/c2c/hudson/workspace/qa-dev_karentestbuilddeploy.App_SummitADF11g_Ant_Jdev11/SummitADF11g/SummitADFGary.jws</workspace>
      <output-file>/home/c2c/hudson/workspace/qa-dev_karentestbuilddeploy.App_SummitADF11g_Ant_Jdev11/SummitADF11g/deploy/SummitADF_application1.ear</output-file>
      <output-file>/home/c2c/hudson/workspace/qa-dev_karentestbuilddeploy.App_SummitADF11g_Ant_Jdev11/SummitADF11g/deploy/SummitADF_application1.ear</output-file>
    </target>
    <status exitcode="0">SUCCESS</status>
  </deploy-task>
  <summary>
    <start-time>2015-08-02 20:31:05 UTC</start-time>
    <end-time>2015-08-02 20:31:41 UTC</end-time>
    <total-tasks>1</total-tasks>
    <failures>0</failures>
    <status exitcode="0">SUCCESS</status>
  </summary>
</ojdeploy-log>
